{
    "pending": {},
    "lastforged": 10154000000000,
    "lastpayout": 1564312337,
    "accounts": {
        "PTUaick4CNFZXoZQ8kycTYbYbqBkUDUUeB": {
            "pending": 0,
            "received": 183030.69786466556
        },
        "PCEVa5MsNiP6pbmEVaWzgvYNxrXAUWhZoh": {
            "pending": 0,
            "received": 35.46043975281101
        },
        "PEgQektAWjN4Gb92AEjarFjMUbkjzpRKjG": {
            "pending": 0,
            "received": 0.8195955776522794
        },
        "PHXBYxkzeCMvogwcWtfJQmTK5KZyZJtx8U": {
            "pending": 0,
            "received": 48.748904029003384
        },
        "PEswj68dxQD4iaST2rWfBHbvDqxgBFNstb": {
            "pending": 0,
            "received": 17.069291654644786
        },
        "PVnAo5G8MH893Qji1LP4Y5DeZRkkoTGS2R": {
            "pending": 0.08722583567368217,
            "received": 19.11215512053084
        },
        "PTeHFX7DgMYotvx2h7Ri6zgKzcvSpGW8AT": {
            "pending": 0.002337985702835244,
            "received": 1452.5748374201078
        },
        "PXYtWJJttL8HfshPMAvVK3Ygf9txEtzLWx": {
            "pending": 0,
            "received": 6.382219892578926
        },
        "PAFusZTmSoqLbyJDniPRUXkjvFCz2ekcnw": {
            "pending": 0,
            "received": 293.21420568407507
        },
        "PBHd2CnfnSjAuXKEvj4QjypjBMDJXvL2Lk": {
            "pending": 0.1868836064822259,
            "received": 22.215443798017215
        },
        "PVMB1o1GHqZQE1Yh4Y7wLF3wNLLANeimAE": {
            "pending": 0,
            "received": 0.9112722756717987
        },
        "PDPGmHXLW5FtXb6vmjsGunRd8yfFVPNQN7": {
            "pending": 0.08517811981882126,
            "received": 38.48750313878309
        },
        "PMZhiBP8YaAjP4urfCvKiGFhLg97GHgdFp": {
            "pending": 0,
            "received": 8.620415568361507
        },
        "PJbxMo4erHGNweribtk7uuJqUXfkWuajix": {
            "pending": 0.08758854646531226,
            "received": 6.215578217090629
        },
        "PKZpe184oWS2cKyLGyCpgKbypYe55w3f3R": {
            "pending": 0.17070677223358494,
            "received": 7.065266920606649
        },
        "PQ52qYdQtFa61bGGa5N2Rj7knSbkjqDDr8": {
            "pending": 0.08758854646531226,
            "received": 6.215578217090629
        },
        "PGXtDp4D3dy2KuAXjqZjdJmMU5AVb64RXQ": {
            "pending": 0,
            "received": 253.29069892970034
        },
        "PWj23SNTqapB5TXzriteYDou7yScZyeeoV": {
            "pending": 0,
            "received": 7.830405172854791
        },
        "PFM7vhA1e8Tzk6GRidrqsHZiGigRxGWgj2": {
            "pending": 0,
            "received": 7.830405172854791
        },
        "PW5Z9fcWt4E2EhFeQ173y1pwfMZRfabaJx": {
            "pending": 0,
            "received": 8.86617305301148
        },
        "PTvfiRRzGyzSaiG6gZxopjgcgds8kRK4wt": {
            "pending": 0,
            "received": 12.387783845185563
        },
        "PQmi9CQgMNsHomBKC7aygBhwsZ6HXmsU92": {
            "pending": 0,
            "received": 74.53385664718955
        },
        "PNJRyDXgHqqAbFvnGFUnfqjWHndgSUwfXW": {
            "pending": 0,
            "received": 33.45671069252175
        },
        "PSH1yb1e3boam2JoWko4MXb7umdqY7QhzA": {
            "pending": 0,
            "received": 194.3581385015178
        },
        "PV2ETqJdj6rYECBxmZBGZfh1TLDCgEsmUU": {
            "pending": 0,
            "received": 9571.1786430251
        },
        "PC7CFZCedS1MjPmJCif2CykBs4FEMDdqj9": {
            "pending": 0,
            "received": 185.9553364171901
        },
        "PXJxKFSbn1JAsSCn8yyLVpUJkMAE84QoSY": {
            "pending": 0.07236302665262917,
            "received": 1.8162904965647746
        },
        "PSuCBYjzDG577sxm7PHq27cum2pqqSBuJx": {
            "pending": 0.14470701816185846,
            "received": 0
        },
        "PEHsAoF1FxCD8xdkU56TMYZWARqY4hnUA3": {
            "pending": 0,
            "received": 216.4742742322179
        },
        "PQceMM9BNrdD4Xh29sQGPQfScktBhbChsD": {
            "pending": 0,
            "received": 715.3073891963961
        },
        "PJCJmPLr1qnp3YwbXwGSxQc4qvCZYgsyeg": {
            "pending": 0,
            "received": 35.742101496535724
        },
        "PPvFaWYKzW6iErPKYEtpSxXGPGJNTsXMRm": {
            "pending": 0,
            "received": 2959.0941328762788
        },
        "PWpjQDuv6WMcKymWCjzMxdyBTK6fcqgzJs": {
            "pending": 0,
            "received": 0.9509374327467377
        },
        "PTdCJWnNZqvnrGRFyJBTZtjRwvFjt9kx56": {
            "pending": 0,
            "received": 1.3313124058200805
        },
        "PGC36EzwKzNBCPcJEKEXZbHF2Lwsqujz1v": {
            "pending": 0,
            "received": 1.6641405073159348
        },
        "PXeFW9mi3J4v4fBuoVo9XP3ehYyhiBEqVP": {
            "pending": 0,
            "received": 1.6641405073159348
        },
        "PJp15nNq67e31tzMHYWUKMFvUb3S7QpmAB": {
            "pending": 0,
            "received": 1.6641405073159348
        },
        "PG8FFQykzfNXuu3c8AkBv78e1Q544wKkNS": {
            "pending": 0,
            "received": 1.6641405073159348
        },
        "PMB2bLdvdEqQJ34UyiHCSiRxcQzFpArC26": {
            "pending": 0,
            "received": 1.6641405073159348
        },
        "PKNaC3gzEScQL7hGkYm5GtLUVgCbSWNobF": {
            "pending": 0,
            "received": 1.6641405073159348
        },
        "PLzsguGcUzQRgPKzu4xgxQdWKHUcBeSTAS": {
            "pending": 0,
            "received": 1.8067811222092947
        },
        "PHPVb1hKSEn5xD7CRmHqz1EJGAMsb6aW5T": {
            "pending": 0,
            "received": 1.8067811222092947
        },
        "PJHD4fr1t2UQNSATzjPRiz6sdkLYdmNdPX": {
            "pending": 0,
            "received": 1.8067811222092947
        },
        "PJE2cHUQsfcHqMzHscuxdiixgxWmq5zZWX": {
            "pending": 0.1824469002511444,
            "received": 0
        },
        "PPCpDemCLRd6pbNph9vpCz87pqEJAJKJRu": {
            "pending": 0.026329230322384538,
            "received": 0
        },
        "PRuUTfUDchHfZVvSVDXkGrDJNj5KAiiEBZ": {
            "pending": 0.19752430959414405,
            "received": 0
        },
        "PDhxaaxn5myw7S3W2gzRZpYNWFLXJY9nkB": {
            "pending": 0.19752430959414405,
            "received": 0
        },
        "PLCDbrc1HdD67bXU4tKtLjvLZyDbKNqZwV": {
            "pending": 0,
            "received": 7.070090804651022
        },
        "PLekRad3xXfxd6jMvEDqwpoWYBomhVyQjt": {
            "pending": 0,
            "received": 11.235935057654325
        },
        "PLkkhKbXEGrrxoyPZp6jaGbSjchaRsxwTC": {
            "pending": 0,
            "received": 1158.7144889074289
        },
        "PBqoTZiQwQyGfZxG1xeNMyk7MCTfiS7je9": {
            "pending": 0.16633925751416534,
            "received": 26.43334407780565
        },
        "P9Xwvi1BThPipSC95ocyyfCYu5gCqF8kZW": {
            "pending": 0,
            "received": 1.2167085511171152
        },
        "PQXCPZLVnfGCFosB1TS4sqYZtF9vYx6CsK": {
            "pending": 0,
            "received": 17.005594594909365
        },
        "PS26BXngYs9ASakc1bXPNiSCAxfGCrvvUL": {
            "pending": 0,
            "received": 191.0199156137873
        },
        "PUtBT4CuG1tMkt4PtiLD4fWD3pa8CPzpDk": {
            "pending": 0,
            "received": 59.557224551159244
        },
        "PPa6kGgVgcWmrohgMcoGzWm1G5y8VGHHys": {
            "pending": 0,
            "received": 815.6230891118632
        },
        "PH884N6893TFo1USwN2D4q5g6HrhSDo5PP": {
            "pending": 0.013765655595667154,
            "received": 636.2000949189534
        },
        "PAktcrMsJ5UYrhGE6LDDMLJfi5nnRkWjsW": {
            "pending": 0.17661280621610775,
            "received": 8.238874428809961
        },
        "PSEMCjwmDCy5qpBEUDd6WfejdAAHjLwQnq": {
            "pending": 0.17738195636512757,
            "received": 11.130355858034031
        },
        "PBrJJ2Jn8hiEoAjL8FRNmTvJ1tKrdH72iU": {
            "pending": 0,
            "received": 681.0438462865249
        },