{
    "pending": {},
    "lastforged": 11454000000000,
    "lastpayout": 1569751004,
    "accounts": {
        "PTUaick4CNFZXoZQ8kycTYbYbqBkUDUUeB": {
            "pending": 0,
            "received": 183338.98256708466
        },
        "PCEVa5MsNiP6pbmEVaWzgvYNxrXAUWhZoh": {
            "pending": 0.12796962050068236,
            "received": 36.534101919949855
        },
        "PEgQektAWjN4Gb92AEjarFjMUbkjzpRKjG": {
            "pending": 0,
            "received": 0.8195955776522794
        },
        "PHXBYxkzeCMvogwcWtfJQmTK5KZyZJtx8U": {
            "pending": 0,
            "received": 48.748904029003384
        },
        "PEswj68dxQD4iaST2rWfBHbvDqxgBFNstb": {
            "pending": 0,
            "received": 17.069291654644786
        },
        "PVnAo5G8MH893Qji1LP4Y5DeZRkkoTGS2R": {
            "pending": 0.18759630505519426,
            "received": 19.617241161238848
        },
        "PTeHFX7DgMYotvx2h7Ri6zgKzcvSpGW8AT": {
            "pending": 0.002337985702835244,
            "received": 1629.2881309643806
        },
        "PXYtWJJttL8HfshPMAvVK3Ygf9txEtzLWx": {
            "pending": 0,
            "received": 6.382219892578926
        },
        "PAFusZTmSoqLbyJDniPRUXkjvFCz2ekcnw": {
            "pending": 0,
            "received": 302.8487481635274
        },
        "PBHd2CnfnSjAuXKEvj4QjypjBMDJXvL2Lk": {
            "pending": 0.18174927086522397,
            "received": 24.149487244674667
        },
        "PVMB1o1GHqZQE1Yh4Y7wLF3wNLLANeimAE": {
            "pending": 0,
            "received": 0.9112722756717987
        },
        "PDPGmHXLW5FtXb6vmjsGunRd8yfFVPNQN7": {
            "pending": 0,
            "received": 41.712734898774805
        },
        "PMZhiBP8YaAjP4urfCvKiGFhLg97GHgdFp": {
            "pending": 0.09145019184928768,
            "received": 8.824003831401342
        },
        "PJbxMo4erHGNweribtk7uuJqUXfkWuajix": {
            "pending": 0.08758854646531226,
            "received": 6.215578217090629
        },
        "PKZpe184oWS2cKyLGyCpgKbypYe55w3f3R": {
            "pending": 0.17070677223358494,
            "received": 7.065266920606649
        },
        "PQ52qYdQtFa61bGGa5N2Rj7knSbkjqDDr8": {
            "pending": 0.08758854646531226,
            "received": 6.215578217090629
        },
        "PGXtDp4D3dy2KuAXjqZjdJmMU5AVb64RXQ": {
            "pending": 0,
            "received": 253.29069892970034
        },
        "PWj23SNTqapB5TXzriteYDou7yScZyeeoV": {
            "pending": 0,
            "received": 7.830405172854791
        },
        "PFM7vhA1e8Tzk6GRidrqsHZiGigRxGWgj2": {
            "pending": 0,
            "received": 7.830405172854791
        },
        "PW5Z9fcWt4E2EhFeQ173y1pwfMZRfabaJx": {
            "pending": 0,
            "received": 8.86617305301148
        },
        "PTvfiRRzGyzSaiG6gZxopjgcgds8kRK4wt": {
            "pending": 0,
            "received": 12.387783845185563
        },
        "PQmi9CQgMNsHomBKC7aygBhwsZ6HXmsU92": {
            "pending": 0,
            "received": 74.53385664718955
        },
        "PNJRyDXgHqqAbFvnGFUnfqjWHndgSUwfXW": {
            "pending": 0,
            "received": 33.45671069252175
        },
        "PSH1yb1e3boam2JoWko4MXb7umdqY7QhzA": {
            "pending": 0,
            "received": 194.3581385015178
        },
        "PV2ETqJdj6rYECBxmZBGZfh1TLDCgEsmUU": {
            "pending": 0,
            "received": 10749.385009215197
        },
        "PC7CFZCedS1MjPmJCif2CykBs4FEMDdqj9": {
            "pending": 0,
            "received": 185.9553364171901
        },
        "PXJxKFSbn1JAsSCn8yyLVpUJkMAE84QoSY": {
            "pending": 0.07236302665262917,
            "received": 1.8162904965647746
        },
        "PSuCBYjzDG577sxm7PHq27cum2pqqSBuJx": {
            "pending": 0.14982181076033432,
            "received": 0
        },
        "PEHsAoF1FxCD8xdkU56TMYZWARqY4hnUA3": {
            "pending": 0,
            "received": 216.4742742322179
        },
        "PQceMM9BNrdD4Xh29sQGPQfScktBhbChsD": {
            "pending": 0,
            "received": 784.6007604692765
        },
        "PJCJmPLr1qnp3YwbXwGSxQc4qvCZYgsyeg": {
            "pending": 0.14995555146630457,
            "received": 37.00024126873153
        },
        "PPvFaWYKzW6iErPKYEtpSxXGPGJNTsXMRm": {
            "pending": 0,
            "received": 3207.2646051813304
        },
        "PWpjQDuv6WMcKymWCjzMxdyBTK6fcqgzJs": {
            "pending": 0,
            "received": 0.9509374327467377
        },
        "PTdCJWnNZqvnrGRFyJBTZtjRwvFjt9kx56": {
            "pending": 0,
            "received": 1.3313124058200805
        },
        "PGC36EzwKzNBCPcJEKEXZbHF2Lwsqujz1v": {
            "pending": 0,
            "received": 1.6641405073159348
        },
        "PXeFW9mi3J4v4fBuoVo9XP3ehYyhiBEqVP": {
            "pending": 0,
            "received": 1.6641405073159348
        },
        "PJp15nNq67e31tzMHYWUKMFvUb3S7QpmAB": {
            "pending": 0,
            "received": 1.6641405073159348
        },
        "PG8FFQykzfNXuu3c8AkBv78e1Q544wKkNS": {
            "pending": 0,
            "received": 1.6641405073159348
        },
        "PMB2bLdvdEqQJ34UyiHCSiRxcQzFpArC26": {
            "pending": 0,
            "received": 1.6641405073159348
        },
        "PKNaC3gzEScQL7hGkYm5GtLUVgCbSWNobF": {
            "pending": 0,
            "received": 1.6641405073159348
        },
        "PLzsguGcUzQRgPKzu4xgxQdWKHUcBeSTAS": {
            "pending": 0,
            "received": 1.8067811222092947
        },
        "PHPVb1hKSEn5xD7CRmHqz1EJGAMsb6aW5T": {
            "pending": 0,
            "received": 1.8067811222092947
        },
        "PJHD4fr1t2UQNSATzjPRiz6sdkLYdmNdPX": {
            "pending": 0,
            "received": 1.8067811222092947
        },
        "PJE2cHUQsfcHqMzHscuxdiixgxWmq5zZWX": {
            "pending": 0.1824469002511444,
            "received": 0
        },
        "PPCpDemCLRd6pbNph9vpCz87pqEJAJKJRu": {
            "pending": 0.026329230322384538,
            "received": 0
        },
        "PRuUTfUDchHfZVvSVDXkGrDJNj5KAiiEBZ": {
            "pending": 0.19752430959414405,
            "received": 0
        },
        "PDhxaaxn5myw7S3W2gzRZpYNWFLXJY9nkB": {
            "pending": 0.19752430959414405,
            "received": 0
        },
        "PLCDbrc1HdD67bXU4tKtLjvLZyDbKNqZwV": {
            "pending": 0,
            "received": 7.070090804651022
        },
        "PLekRad3xXfxd6jMvEDqwpoWYBomhVyQjt": {
            "pending": 0,
            "received": 11.235935057654325
        },
        "PLkkhKbXEGrrxoyPZp6jaGbSjchaRsxwTC": {
            "pending": 0,
            "received": 1251.4235469913986
        },
        "PBqoTZiQwQyGfZxG1xeNMyk7MCTfiS7je9": {
            "pending": 0,
            "received": 29.142966977251277
        },
        "P9Xwvi1BThPipSC95ocyyfCYu5gCqF8kZW": {
            "pending": 0,
            "received": 56.22934070074567
        },
        "PQXCPZLVnfGCFosB1TS4sqYZtF9vYx6CsK": {
            "pending": 0.17788083042643668,
            "received": 18.49802982174044
        },
        "PS26BXngYs9ASakc1bXPNiSCAxfGCrvvUL": {
            "pending": 0,
            "received": 191.0199156137873
        },
        "PUtBT4CuG1tMkt4PtiLD4fWD3pa8CPzpDk": {
            "pending": 0,
            "received": 64.98376358407255
        },
        "PPa6kGgVgcWmrohgMcoGzWm1G5y8VGHHys": {
            "pending": 0,
            "received": 815.6230891118632
        },
        "PH884N6893TFo1USwN2D4q5g6HrhSDo5PP": {
            "pending": 0.013765655595667154,
            "received": 700.9931085443498
        },
        "PAktcrMsJ5UYrhGE6LDDMLJfi5nnRkWjsW": {
            "pending": 0.14937735768069363,
            "received": 8.441880185838286
        },
        "PSEMCjwmDCy5qpBEUDd6WfejdAAHjLwQnq": {
            "pending": 0.13849419440173608,
            "received": 11.616104912837674
        },
        "PBrJJ2Jn8hiEoAjL8FRNmTvJ1tKrdH72iU": {
            "pending": 0,