{
    "pending": {},
    "lastforged": 13550000000000,
    "lastpayout": 1578346760,
    "accounts": {
        "PTUaick4CNFZXoZQ8kycTYbYbqBkUDUUeB": {
            "pending": 0,
            "received": 183811.63819851325
        },
        "PCEVa5MsNiP6pbmEVaWzgvYNxrXAUWhZoh": {
            "pending": 0.17521823525368202,
            "received": 38.328514041551145
        },
        "PEgQektAWjN4Gb92AEjarFjMUbkjzpRKjG": {
            "pending": 0,
            "received": 0.8195955776522794
        },
        "PHXBYxkzeCMvogwcWtfJQmTK5KZyZJtx8U": {
            "pending": 0,
            "received": 48.748904029003384
        },
        "PEswj68dxQD4iaST2rWfBHbvDqxgBFNstb": {
            "pending": 0,
            "received": 17.069291654644786
        },
        "PVnAo5G8MH893Qji1LP4Y5DeZRkkoTGS2R": {
            "pending": 0.14500990247908122,
            "received": 20.58783810991497
        },
        "PTeHFX7DgMYotvx2h7Ri6zgKzcvSpGW8AT": {
            "pending": 0.002337985702835244,
            "received": 1900.1303725501734
        },
        "PXYtWJJttL8HfshPMAvVK3Ygf9txEtzLWx": {
            "pending": 0,
            "received": 6.382219892578926
        },
        "PAFusZTmSoqLbyJDniPRUXkjvFCz2ekcnw": {
            "pending": 0,
            "received": 317.61527211535855
        },
        "PBHd2CnfnSjAuXKEvj4QjypjBMDJXvL2Lk": {
            "pending": 0.18062088881035052,
            "received": 27.107616991179924
        },
        "PVMB1o1GHqZQE1Yh4Y7wLF3wNLLANeimAE": {
            "pending": 0,
            "received": 0.9112722756717987
        },
        "PDPGmHXLW5FtXb6vmjsGunRd8yfFVPNQN7": {
            "pending": 0,
            "received": 46.525705899982164
        },
        "PMZhiBP8YaAjP4urfCvKiGFhLg97GHgdFp": {
            "pending": 0.1039115351257344,
            "received": 9.263533706424678
        },
        "PJbxMo4erHGNweribtk7uuJqUXfkWuajix": {
            "pending": 0.08758854646531226,
            "received": 6.215578217090629
        },
        "PKZpe184oWS2cKyLGyCpgKbypYe55w3f3R": {
            "pending": 0.17070677223358494,
            "received": 7.065266920606649
        },
        "PQ52qYdQtFa61bGGa5N2Rj7knSbkjqDDr8": {
            "pending": 0.08758854646531226,
            "received": 6.215578217090629
        },
        "PGXtDp4D3dy2KuAXjqZjdJmMU5AVb64RXQ": {
            "pending": 0,
            "received": 253.29069892970034
        },
        "PWj23SNTqapB5TXzriteYDou7yScZyeeoV": {
            "pending": 0,
            "received": 7.830405172854791
        },
        "PFM7vhA1e8Tzk6GRidrqsHZiGigRxGWgj2": {
            "pending": 0,
            "received": 7.830405172854791
        },
        "PW5Z9fcWt4E2EhFeQ173y1pwfMZRfabaJx": {
            "pending": 0,
            "received": 8.86617305301148
        },
        "PTvfiRRzGyzSaiG6gZxopjgcgds8kRK4wt": {
            "pending": 0,
            "received": 12.387783845185563
        },
        "PQmi9CQgMNsHomBKC7aygBhwsZ6HXmsU92": {
            "pending": 0,
            "received": 74.53385664718955
        },
        "PNJRyDXgHqqAbFvnGFUnfqjWHndgSUwfXW": {
            "pending": 0,
            "received": 33.45671069252175
        },
        "PSH1yb1e3boam2JoWko4MXb7umdqY7QhzA": {
            "pending": 0,
            "received": 194.3581385015178
        },
        "PV2ETqJdj6rYECBxmZBGZfh1TLDCgEsmUU": {
            "pending": 0,
            "received": 12555.180413001299
        },
        "PC7CFZCedS1MjPmJCif2CykBs4FEMDdqj9": {
            "pending": 0,
            "received": 185.9553364171901
        },
        "PXJxKFSbn1JAsSCn8yyLVpUJkMAE84QoSY": {
            "pending": 0.07236302665262917,
            "received": 1.8162904965647746
        },
        "PSuCBYjzDG577sxm7PHq27cum2pqqSBuJx": {
            "pending": 0.15761053776919096,
            "received": 0
        },
        "PEHsAoF1FxCD8xdkU56TMYZWARqY4hnUA3": {
            "pending": 0,
            "received": 216.4742742322179
        },
        "PQceMM9BNrdD4Xh29sQGPQfScktBhbChsD": {
            "pending": 0,
            "received": 890.8042702682765
        },
        "PJCJmPLr1qnp3YwbXwGSxQc4qvCZYgsyeg": {
            "pending": 0,
            "received": 39.30826566696704
        },
        "PPvFaWYKzW6iErPKYEtpSxXGPGJNTsXMRm": {
            "pending": 0,
            "received": 3587.62674809912
        },
        "PWpjQDuv6WMcKymWCjzMxdyBTK6fcqgzJs": {
            "pending": 0,
            "received": 0.9509374327467377
        },
        "PTdCJWnNZqvnrGRFyJBTZtjRwvFjt9kx56": {
            "pending": 0,
            "received": 1.3313124058200805
        },
        "PGC36EzwKzNBCPcJEKEXZbHF2Lwsqujz1v": {
            "pending": 0,
            "received": 1.6641405073159348
        },
        "PXeFW9mi3J4v4fBuoVo9XP3ehYyhiBEqVP": {
            "pending": 0,
            "received": 1.6641405073159348
        },
        "PJp15nNq67e31tzMHYWUKMFvUb3S7QpmAB": {
            "pending": 0,
            "received": 1.6641405073159348
        },
        "PG8FFQykzfNXuu3c8AkBv78e1Q544wKkNS": {
            "pending": 0,
            "received": 1.6641405073159348
        },
        "PMB2bLdvdEqQJ34UyiHCSiRxcQzFpArC26": {
            "pending": 0,
            "received": 1.6641405073159348
        },
        "PKNaC3gzEScQL7hGkYm5GtLUVgCbSWNobF": {
            "pending": 0,
            "received": 1.6641405073159348
        },
        "PLzsguGcUzQRgPKzu4xgxQdWKHUcBeSTAS": {
            "pending": 0,
            "received": 1.8067811222092947
        },
        "PHPVb1hKSEn5xD7CRmHqz1EJGAMsb6aW5T": {
            "pending": 0,
            "received": 1.8067811222092947
        },
        "PJHD4fr1t2UQNSATzjPRiz6sdkLYdmNdPX": {
            "pending": 0,
            "received": 1.8067811222092947
        },
        "PJE2cHUQsfcHqMzHscuxdiixgxWmq5zZWX": {
            "pending": 0.1824469002511444,
            "received": 0
        },
        "PPCpDemCLRd6pbNph9vpCz87pqEJAJKJRu": {
            "pending": 0.026329230322384538,
            "received": 0
        },
        "PRuUTfUDchHfZVvSVDXkGrDJNj5KAiiEBZ": {
            "pending": 0.19752430959414405,
            "received": 0
        },
        "PDhxaaxn5myw7S3W2gzRZpYNWFLXJY9nkB": {
            "pending": 0.19752430959414405,
            "received": 0
        },
        "PLCDbrc1HdD67bXU4tKtLjvLZyDbKNqZwV": {
            "pending": 0,
            "received": 7.070090804651022
        },
        "PLekRad3xXfxd6jMvEDqwpoWYBomhVyQjt": {
            "pending": 0,
            "received": 11.235935057654325
        },
        "PLkkhKbXEGrrxoyPZp6jaGbSjchaRsxwTC": {
            "pending": 0,
            "received": 1393.5154553199309
        },
        "PBqoTZiQwQyGfZxG1xeNMyk7MCTfiS7je9": {
            "pending": 0.193480339901996,
            "received": 32.847118195941825
        },
        "P9Xwvi1BThPipSC95ocyyfCYu5gCqF8kZW": {
            "pending": 0,
            "received": 140.54526457976175
        },
        "PQXCPZLVnfGCFosB1TS4sqYZtF9vYx6CsK": {
            "pending": 0,
            "received": 21.235889830512974
        },
        "PS26BXngYs9ASakc1bXPNiSCAxfGCrvvUL": {
            "pending": 0,
            "received": 191.0199156137873
        },
        "PUtBT4CuG1tMkt4PtiLD4fWD3pa8CPzpDk": {
            "pending": 0,
            "received": 73.30082884941713
        },
        "PPa6kGgVgcWmrohgMcoGzWm1G5y8VGHHys": {
            "pending": 0,
            "received": 815.6230891118632
        },
        "PH884N6893TFo1USwN2D4q5g6HrhSDo5PP": {
            "pending": 0.013765655595667154,
            "received": 800.299078669034
        },
        "PAktcrMsJ5UYrhGE6LDDMLJfi5nnRkWjsW": {
            "pending": 0,
            "received": 8.8604220039475
        },
        "PSEMCjwmDCy5qpBEUDd6WfejdAAHjLwQnq": {
            "pending": 0.1573666746498984,
            "received": 12.282157076664639
        },
        "PBrJJ2Jn8hiEoAjL8FRNmTvJ1tKrdH72iU": {
            "pending": 0,
            "received": 871.2622181221418
        },